{"cam_K": [605.9278564453125, 0.0, 312.1529541015625, 0.0, 605.1755981445312, 250.76797485351562, 0.0, 0.0, 1.0], "depth_scale": 1.0}